[
  {
    "month": 0,
    "date": 1,
    "miqaats": [
      {
        "title": "Hijri New Year",
        "description": null,
        "phase": "day",
        "priority": 1,
        "year": null
      },
      {
        "title": "Urus Mawlai Abdullah Saheb",
        "description": null,
        "phase": "day",
        "priority": 3,
        "year": null
      }
    ]
  },
  {
    "month": 0,
    "date": 2,
    "miqaats": [
      {
        "title": "Urus Mawlai Raj Bin Mawlai Hasan Saheb",
        "description": null,
        "phase": "day",
        "priority": 3,
        "year": null
      },
      {
        "title": "Urus Syedi Khanji Fir Saheb",
        "description": null,
        "phase": "day",
        "priority": 3,
        "year": null
      },
      {
        "title": "Urus Syedi Shaikh Pir Jamaluddin",
        "description": null,
        "phase": "day",
        "priority": 3,
        "year": null
      }
    ]
  },
  {
    "month": 0,
    "date": 6,
    "miqaats": [
      {
        "title": "Urus Syedi Mohammed Bin Qazikhan",
        "description": null,
        "phase": "day",
        "priority": 3,
        "year": null
      }
    ]
  },
  {
    "month": 0,
    "date": 7,
    "miqaats": [
      {
        "title": "Urus Syedna Ismail Badruddin (AQ)",
        "description": "38th Dai, Jamnagar, India.",
        "phase": "day",
        "priority": 1,
        "year": null
      }
    ]
  },
  {
    "month": 0,
    "date": 10,
    "miqaats": [
      {
        "title": "Yawme Ashura",
        "description": null,
        "phase": "day",
        "priority": 1,
        "year": null
      },
      {
        "title": "Shahadat Imam Hussain (SA)",
        "description": "2nd Imam, Karbala, Iraq.",
        "phase": "day",
        "priority": 1,
        "year": null
      },
      {
        "title": "Urus Syedna Zoeb Bin Musa (AQ)",
        "description": "1st Dai, Hawth, Yemen.",
        "phase": "day",
        "priority": 1,
        "year": null
      },
      {
        "title": "Urus Mawlai Ahmed Saheb",
        "description": null,
        "phase": "day",
        "priority": 3,
        "year": null
      }
    ]
  },
  {
    "month": 0,
    "date": 11,
    "miqaats": [
      {
        "title": "Suyum Imam Hussain (SA)",
        "description": "2nd Imam, Karbala, Iraq.",
        "phase": "night",
        "priority": 1,
        "year": null
      }
    ]
  },
  {
    "month": 0,
    "date": 14,
    "miqaats": [
      {
        "title": "Urus Mawlai Lukmanji Mulla Alibhai Saheb",
        "description": null,
        "phase": "day",
        "priority": 3,
        "year": null
      }
    ]
  },
  {
    "month": 0,
    "date": 15,
    "miqaats": [
      {
        "title": "Urus Mawlai Nuruddin Saheb",
        "description": null,
        "phase": "day",
        "priority": 3,
        "year": null
      }
    ]
  },
  {
    "month": 0,
    "date": 16,
    "miqaats": [
      {
        "title": "Urus Syedna Hatim bin Syedna Ibrahim (AQ)",
        "description": "3rd Dai, Hutaib, Yemen.",
        "phase": "day",
        "priority": 1,
        "year": null
      }
    ]
  },
  {
    "month": 0,
    "date": 17,
    "miqaats": [
      {
        "title": "Shahadat Imam Ali Zainulabedin (SA)",
        "description": "3rd Imam, Medina, Saudi Arabia.",
        "phase": "day",
        "priority": 1,
        "year": null
      },
      {
        "title": "Urus Syedna Ibrahim Vajihuddin (AQ)",
        "description": "39th Dai, Ujjain, India.",
        "phase": "day",
        "priority": 1,
        "year": null
      },
      {
        "title": "Urus Mulla Mohammedali bin Syedi Najam Khan",
        "description": null,
        "phase": "day",
        "priority": 3,
        "year": null
      },
      {
        "title": "Urus Mawlai Masud bin Sulaiman",
        "description": null,
        "phase": "day",
        "priority": 3,
        "year": null
      },
      {
        "title": "Urus Seven Shahid Sahebo",
        "description": null,
        "phase": "day",
        "priority": 3,
        "year": null
      }
    ]
  },
  {
    "month": 0,
    "date": 18,
    "miqaats": [
      {
        "title": "Urus Shahid Gani Pir Ibne Dawoodji",
        "description": null,
        "phase": "day",
        "priority": 3,
        "year": null
      }
    ]
  },
  {
    "month": 0,
    "date": 23,
    "miqaats": [
      {
        "title": "Urus Syedi Hasan Fir Saheb Shahid",
        "description": "Denmal, India.",
        "phase": "day",
        "priority": 2,
        "year": null
      },
      {
        "title": "Urus Noor Bibi Umme Syedna Yusuf Najmuddin",
        "description": null,
        "phase": "day",
        "priority": 3,
        "year": null
      },
      {
        "title": "Urus Fatema Bibi Ukhte Syedna Yusuf Najmuddin",
        "description": null,
        "phase": "day",
        "priority": 3,
        "year": null
      }
    ]
  },
  {
    "month": 0,
    "date": 24,
    "miqaats": [
      {
        "title": "Urus Syedi Dada Sulemanji",
        "description": null,
        "phase": "day",
        "priority": 3,
        "year": null
      }
    ]
  },
  {
    "month": 0,
    "date": 27,
    "miqaats": [
      {
        "title": "Urus Syedi Fakhruddin Shahid (AQ)",
        "description": "Taherabad, India.",
        "phase": "day",
        "priority": 2,
        "year": null
      }
    ]
  },
  {
    "month": 0,
    "date": 28,
    "miqaats": [
      {
        "title": "Urus Syedi Musaji bin Taj",
        "description": null,
        "phase": "day",
        "priority": 3,
        "year": null
      }
    ]
  },
  {
    "month": 0,
    "date": 29,
    "miqaats": [
      {
        "title": "Urus Mawlai Hasan Bin Mawlai Adam",
        "description": null,
        "phase": "day",
        "priority": 3,
        "year": null
      }
    ]
  },
  {
    "month": 1,
    "date": 1,
    "miqaats": [
      {
        "title": "Urus Syedna Ali Bin Syedna Hussain (AQ)",
        "description": "10th Dai, Sanaa, Yemen.",
        "phase": "day",
        "priority": 1,
        "year": null
      }
    ]
  },
  {
    "month": 1,
    "date": 3,
    "miqaats": [
      {
        "title": "Urus Syedna Ali Shamsuddin Bin Syedna Abdullah (AQ)",
        "description": "18th Dai, Sharaqa, Yemen.",
        "phase": "day",
        "priority": 1,
        "year": null
      }
    ]
  },
  {
    "month": 1,
    "date": 4,
    "miqaats": [
      {
        "title": "Urus Syedna Abdul Tayyib Zakiyuddin (AQ)",
        "description": "41st Dai, Burhanpur, India.",
        "phase": "day",
        "priority": 1,
        "year": null
      }
    ]
  },
  {
    "month": 1,
    "date": 6,
    "miqaats": [
      {
        "title": "Urus Syedi Abdeali Imaduddin",
        "description": "Surat, India.",
        "phase": "day",
        "priority": 3,
        "year": null
      }
    ]
  },
  {
    "month": 1,
    "date": 8,
    "miqaats": [
      {
        "title": "Urus Syedna Khattab Bin Hasan Hamdani (AQ)",
        "description": null,
        "phase": "day",
        "priority": 1,
        "year": null
      }
    ]
  },
  {
    "month": 1,
    "date": 9,
    "miqaats": [
      {
        "title": "Urus Syedi Tayyib bs Zainuddin",
        "description": null,
        "phase": "day",
        "priority": 3,
        "year": null
      }
    ]
  },
  {
    "month": 1,
    "date": 12,
    "miqaats": [
      {
        "title": "Urus Syedna Ahmed Hamiduddin Kirmani (RA)",
        "description": null,
        "phase": "day",
        "priority": 1,
        "year": null
      }
    ]
  },
  {
    "month": 1,
    "date": 13,
    "miqaats": [
      {
        "title": "Urus Mawlai Adam bin Sulaimanji",
        "description": null,
        "phase": "day",
        "priority": 3,
        "year": null
      }
    ]
  },
  {
    "month": 1,
    "date": 14,
    "miqaats": [
      {
        "title": "Urus Kaka Akela - Kaki Akeli",
        "description": null,
        "phase": "day",
        "priority": 3,
        "year": null
      },
      {
        "title": "Urus Mawlai Noorbhai Saheb",
        "description": null,
        "phase": "day",
        "priority": 3,
        "year": null
      }
    ]
  },
  {
    "month": 1,
    "date": 15,
    "miqaats": [
      {
        "title": "Urus Syedi Hamza Bhaisaheb",
        "description": null,
        "phase": "day",
        "priority": 3,
        "year": null
      }
    ]
  },
  {
    "month": 1,
    "date": 17,
    "miqaats": [
      {
        "title": "Urus Mawlai Shaikh Saheb bin Sulaimanji",
        "description": null,
        "phase": "day",
        "priority": 3,
        "year": null
      },
      {
        "title": "Urus Syedi Shaikh Ibrahim",
        "description": null,
        "phase": "day",
        "priority": 3,
        "year": null
      },
      {
        "title": "Urus Shaikh AbdulHusain Shahid",
        "description": null,
        "phase": "day",
        "priority": 3,
        "year": null
      }
    ]
  },
  {
    "month": 1,
    "date": 20,
    "miqaats": [
      {
        "title": "Chelum Imam Hussain (SA)",
        "description": "2nd Imam, Karbala, Iraq.",
        "phase": "day",
        "priority": 1,
        "year": null
      }
    ]
  },
  {
    "month": 1,
    "date": 22,
    "miqaats": [
      {
        "title": "Urus Syedna Hussain bin Syedna Ali (AQ)",
        "description": "8th Dai, Sanaa, Yemen.",
        "phase": "day",
        "priority": 1,
        "year": null
      }
    ]
  },
  {
    "month": 1,
    "date": 27,
    "miqaats": [
      {
        "title": "Urus Syedna Mohammed Izziuddin (AQ)",
        "description": "23rd Dai, Zabid, Yemen.",
        "phase": "day",
        "priority": 1,
        "year": null
      }
    ]
  },
  {
    "month": 1,
    "date": 28,
    "miqaats": [
      {
        "title": "Shahadat Imam Hassan (SA)",
        "description": "1st Imam, Medina, Saudi Arabia.",
        "phase": "day",
        "priority": 1,
        "year": null
      }
    ]
  },
  {
    "month": 1,
    "date": 29,
    "miqaats": [
      {
        "title": "Urus Syedi Hasan Zakiyuddin",
        "description": null,
        "phase": "day",
        "priority": 3,
        "year": null
      }
    ]
  },
  {
    "month": 2,
    "date": 1,
    "miqaats": [
      {
        "title": "Urus Syedi Shaikh Adam Safiyuddin",
        "description": null,
        "phase": "day",
        "priority": 3,
        "year": null
      },
      {
        "title": "Urus Syedi Jamaluddin bin Shaikh Adam",
        "description": null,
        "phase": "day",
        "priority": 3,
        "year": null
      }
    ]
  },
  {
    "month": 2,
    "date": 2,
    "miqaats": [
      {
        "title": "Urus Syedna Abdul Tayyib Zakiyuddin bin Syedna Dawood bin Qutbub Shah (AQ)",
        "description": "29th Dai, Ahmedabad, India.",
        "phase": "day",
        "priority": 1,
        "year": null
      }
    ]
  },
  {
    "month": 2,
    "date": 4,
    "miqaats": [
      {
        "title": "Urus Syedi Habibullah bin Mulla Adamji",
        "description": null,
        "phase": "day",
        "priority": 3,
        "year": null
      }
    ]
  },
  {
    "month": 2,
    "date": 7,
    "miqaats": [
      {
        "title": "Urus Syedi Shaikh Dawood Bhai Mulla Mehmoodji",
        "description": null,
        "phase": "day",
        "priority": 3,
        "year": null
      },
      {
        "title": "Urus Syedi Abdeali Mohyiddin",
        "description": null,
        "phase": "day",
        "priority": 3,
        "year": null
      }
    ]
  },
  {
    "month": 2,
    "date": 10,
    "miqaats": [
      {
        "title": "Urus Syedna Abdullah Badruddin (AQ)",
        "description": "50th Dai, Surat, India.",
        "phase": "day",
        "priority": 1,
        "year": null
      }
    ]
  },
  {
    "month": 2,
    "date": 12,
    "miqaats": [
      {
        "title": "Eid Milad un-Nabi (SA)",
        "description": null,
        "phase": "day",
        "priority": 1,
        "year": null
      },
      {
        "title": "Urus Ummul Mumineen Amatullah Aaisaheba (QR)",
        "description": "London, UK.",
        "phase": "day",
        "priority": 2,
        "year": null
      },
      {
        "title": "Ayyam al-Ta'abudaat",
        "description": "Start of 40 days of ta'abudaat.",
        "phase": "day",
        "priority": 1,
        "year": null
      }
    ]
  },
  {
    "month": 2,
    "date": 14,
    "miqaats": [
      {
        "title": "Urus Syedi Miaji Mulla Taj Saheb",
        "description": null,
        "phase": "day",
        "priority": 3,
        "year": null
      }
    ]
  },
  {
    "month": 2,
    "date": 16,
    "miqaats": [
      {
        "title": "Urus Syedna Mohammed Burhanuddin (AQ)",
        "description": "52nd Dai, Mumbai, India.",
        "phase": "day",
        "priority": 1,
        "year": 1435
      }
    ]
  },
  {
    "month": 2,
    "date": 22,
    "miqaats": [
      {
        "title": "Urus Syedna Ali bin Hanzala (AQ)",
        "description": "6th Dai, Yemen.",
        "phase": "day",
        "priority": 1,
        "year": null
      },
      {
        "title": "Urus Mawlai Dawood bin Raj Saheb",
        "description": null,
        "phase": "day",
        "priority": 3,
        "year": null
      }
    ]
  },
  {
    "month": 2,
    "date": 23,
    "miqaats": [
      {
        "title": "Urus Mawlai Raj Saheb",
        "description": null,
        "phase": "day",
        "priority": 3,
        "year": null
      },
      {
        "title": "Urus Syedi Qazi Khan bin Ameen Shah",
        "description": null,
        "phase": "day",
        "priority": 3,
        "year": null
      }
    ]
  },
  {
    "month": 2,
    "date": 25,
    "miqaats": [
      {
        "title": "Urus Syedna Ali Shamsuddin bin Mawlai Hasan (AQ)",
        "description": "30th Dai, Hasanfir, India.",
        "phase": "day",
        "priority": 1,
        "year": null
      }
    ]
  },
  {
    "month": 2,
    "date": 28,
    "miqaats": [
      {
        "title": "Urus Mohammad bin Hasan Saheb",
        "description": null,
        "phase": "day",
        "priority": 3,
        "year": null
      }
    ]
  },
  {
    "month": 3,
    "date": 4,
    "miqaats": [
      {
        "title": "Milad Imam uz-Zaman (SA)",
        "description": "21st Imam.",
        "phase": "day",
        "priority": 1,
        "year": null
      }
    ]
  },
  {
    "month": 3,
    "date": 5,
    "miqaats": [
      {
        "title": "Urus Mia Saheb Maati Bhai Mulla Noor Bhai",
        "description": null,
        "phase": "day",
        "priority": 3,
        "year": null
      },
      {
        "title": "Urus Mia Saheb Tayebji Shaikh Shams Khan",
        "description": null,
        "phase": "day",
        "priority": 3,
        "year": null
      }
    ]
  },
  {
    "month": 3,
    "date": 8,
    "miqaats": [
      {
        "title": "Urus Mawlai Raj bin Mulla Adam Saheb",
        "description": null,
        "phase": "day",
        "priority": 3,
        "year": null
      }
    ]
  },
  {
    "month": 3,
    "date": 10,
    "miqaats": [
      {
        "title": "Urus Syedi AbdulRasul Shahid",
        "description": null,
        "phase": "day",
        "priority": 3,
        "year": null
      }
    ]
  },
  {
    "month": 3,
    "date": 14,
    "miqaats": [
      {
        "title": "Urus Syedi Ismailji Shahid bin Abde Musa",
        "description": null,
        "phase": "day",
        "priority": 3,
        "year": null
      }
    ]
  },
  {
    "month": 3,
    "date": 16,
    "miqaats": [
      {
        "title": "Urus Syedna Jalal Shamsuddin (AQ) bin Hasan",
        "description": "25th Dai, Ahmedabad, India.",
        "phase": "day",
        "priority": 1,
        "year": null
      }
    ]
  },
  {
    "month": 3,
    "date": 20,
    "miqaats": [
      {
        "title": "Milad Dai al-Muqaddas, Syedna Mohammed Burhanuddin (AQ)",
        "description": "52nd Dai, Mumbai, India.",
        "phase": "day",
        "priority": 1,
        "year": null
      },
      {
        "title": "Ayyam al-Ta'abudaat",
        "description": "End of 40 days of ta'abudaat.",
        "phase": "day",
        "priority": 1,
        "year": null
      }
    ]
  },
  {
    "month": 3,
    "date": 22,
    "miqaats": [
      {
        "title": "Urus Syedna Musa Kalimuddin (AQ)",
        "description": "36th Dai, Jamnagar, India.",
        "phase": "day",
        "priority": 1,
        "year": null
      },
      {
        "title": "Urus Syedi Mulla Habibullah bin Shaikh Sultanali",
        "description": null,
        "phase": "day",
        "priority": 3,
        "year": null
      }
    ]
  },
  {
    "month": 3,
    "date": 27,
    "miqaats": [
      {
        "title": "Urus Syedna Dawood Burhanuddin bin Ajab Shah (AQ)",
        "description": "26th Dai, Ahmedabad, India.",
        "phase": "day",
        "priority": 1,
        "year": null
      }
    ]
  },
  {
    "month": 3,
    "date": 28,
    "miqaats": [
      {
        "title": "Urus Kakaji Mulla Isa Bhai",
        "description": null,
        "phase": "day",
        "priority": 3,
        "year": null
      }
    ]
  },
  {
    "month": 4,
    "date": 1,
    "miqaats": [
      {
        "title": "Urus Syedna Ahmed Al Mukaraam",
        "description": null,
        "phase": "day",
        "priority": 3,
        "year": null
      }
    ]
  },
  {
    "month": 4,
    "date": 3,
    "miqaats": [
      {
        "title": "Urus Syedi Qazi Khan bin Ali",
        "description": null,
        "phase": "day",
        "priority": 3,
        "year": null
      }
    ]
  },
  {
    "month": 4,
    "date": 8,
    "miqaats": [
      {
        "title": "Urus Syedi Mulla Wahid Bhaisaheb bin Mulla Ibrahimji",
        "description": null,
        "phase": "day",
        "priority": 3,
        "year": null
      }
    ]
  },
  {
    "month": 4,
    "date": 10,
    "miqaats": [
      {
        "title": "Shahadat Maulatena Fatema tuz Zahra (SA)",
        "description": "Binte Nabi Mohammed Rasullulah (SA).",
        "phase": "day",
        "priority": 1,
        "year": null
      }
    ]
  },
  {
    "month": 4,
    "date": 11,
    "miqaats": [
      {
        "title": "Urus Mawlai Nooruddin Saheb",
        "description": "Dawngham, India.",
        "phase": "day",
        "priority": 3,
        "year": null
      }
    ]
  },
  {
    "month": 4,
    "date": 15,
    "miqaats": [
      {
        "title": "Urus Mawlai Dawood bin Qazi Ahmed",
        "description": null,
        "phase": "day",
        "priority": 3,
        "year": null
      }
    ]
  },
  {
    "month": 4,
    "date": 17,
    "miqaats": [
      {
        "title": "Urus Syedi Dawood Bhaisaheb Shihabuddin",
        "description": null,
        "phase": "day",
        "priority": 3,
        "year": null
      }
    ]
  },
  {
    "month": 4,
    "date": 21,
    "miqaats": [
      {
        "title": "Urus Seth Chanda bhai ibne Karim Bhai",
        "description": null,
        "phase": "day",
        "priority": 3,
        "year": null
      }
    ]
  },
  {
    "month": 4,
    "date": 23,
    "miqaats": [
      {
        "title": "Urus Mulla Jaferji Jiwaji",
        "description": null,
        "phase": "day",
        "priority": 3,
        "year": null
      }
    ]
  },
  {
    "month": 4,
    "date": 29,
    "miqaats": [
      {
        "title": "Urus Syedi Jivanji bin Shaikh Dawood Bhaisaheb",
        "description": null,
        "phase": "day",
        "priority": 3,
        "year": null
      }
    ]
  },
  {
    "month": 5,
    "date": 8,
    "miqaats": [
      {
        "title": "Urus Syedi Luqmaanji bin Mulla Habibullah",
        "description": null,
        "phase": "day",
        "priority": 3,
        "year": null
      }
    ]
  },
  {
    "month": 5,
    "date": 12,
    "miqaats": [
      {
        "title": "Urus Mulla Tayyib Bawa bin Mulla Ibrahimji",
        "description": null,
        "phase": "day",
        "priority": 3,
        "year": null
      }
    ]
  },
  {
    "month": 5,
    "date": 14,
    "miqaats": [
      {
        "title": "Urus Ganje Shohoda",
        "description": null,
        "phase": "day",
        "priority": 3,
        "year": null
      }
    ]
  },
  {
    "month": 5,
    "date": 15,
    "miqaats": [
      {
        "title": "Urus Syedna Dawood Burhanuddin (AQ) bin Qutub Shah",
        "description": "27th Dai, Ahmedabad, India.",
        "phase": "day",
        "priority": 1,
        "year": null
      },
      {
        "title": "Urus Mawlai Ali bhai Shahid",
        "description": "Indore, India.",
        "phase": "day",
        "priority": 3,
        "year": null
      }
    ]
  },
  {
    "month": 5,
    "date": 18,
    "miqaats": [
      {
        "title": "Urus Syedna Yusuf Najmuddin (AQ)",
        "description": "42nd Dai, Surat, India.",
        "phase": "day",
        "priority": 1,
        "year": null
      },
      {
        "title": "Urus Mawlai Adam ibne Dawood",
        "description": null,
        "phase": "day",
        "priority": 3,
        "year": null
      },
      {
        "title": "Urus Moulai Burhanuddin Ibne Khoj Khan",
        "description": null,
        "phase": "day",
        "priority": 3,
        "year": null
      }
    ]
  },
  {
    "month": 5,
    "date": 23,
    "miqaats": [
      {
        "title": "Urus Syedna Ismail Badruddin (AQ) bin Mawlai Raj",
        "description": "34th Dai, Jamnagar, India.",
        "phase": "day",
        "priority": 1,
        "year": null
      }
    ]
  },
  {
    "month": 5,
    "date": 27,
    "miqaats": [
      {
        "title": "Urus Syedna Qutub Khan Qutbuddin Shahid (AQ)",
        "description": "32nd Dai, Ahmedabad, India.",
        "phase": "day",
        "priority": 1,
        "year": null
      },
      {
        "title": "Urus Syedna Lamak bin Malik (RA)",
        "description": null,
        "phase": "day",
        "priority": 1,
        "year": null
      }
    ]
  },
  {
    "month": 5,
    "date": 28,
    "miqaats": [
      {
        "title": "Urus Syedna Ahmed bin Mubarak (AQ)",
        "description": "7th Dai, Hamdaan, Yemen.",
        "phase": "day",
        "priority": 1,
        "year": null
      },
      {
        "title": "Urus Syedna Yahya bin Syedna Lamak (AQ)",
        "description": null,
        "phase": "day",
        "priority": 1,
        "year": null
      }
    ]
  },
  {
    "month": 5,
    "date": 29,
    "miqaats": [
      {
        "title": "Urus Syedna Mohammed Badruddin (AQ)",
        "description": "46th Dai, Surat, India.",
        "phase": "day",
        "priority": 1,
        "year": null
      },
      {
        "title": "Rajab al-Asab Pehli raat",
        "description": "Washeq",
        "phase": "night",
        "priority": 1,
        "year": null
      },
      {
        "title": "Urus Syedna Qadi Numan bin Mohammed (AQ)",
        "description": null,
        "phase": "day",
        "priority": 1,
        "year": null
      },
      {
        "title": "Urus Ajab Busaheba Binte Syedna Qutubuddin Shahid (AQ)",
        "description": null,
        "phase": "day",
        "priority": 3,
        "year": null
      }
    ]
  },
  {
    "month": 6,
    "date": 1,
    "miqaats": [
      {
        "title": "Rajab al-Asab Pehli taarik",
        "description": "Rozu",
        "phase": "day",
        "priority": 1,
        "year": null
      }
    ]
  },
  {
    "month": 6,
    "date": 2,
    "miqaats": [
      {
        "title": "Urus Mawlai Raj bin Dawood",
        "description": null,
        "phase": "day",
        "priority": 3,
        "year": null
      },
      {
        "title": "Urus Bhaiji Bhai Ibne Qazi Bhai",
        "description": null,
        "phase": "day",
        "priority": 3,
        "year": null
      }
    ]
  },
  {
    "month": 6,
    "date": 4,
    "miqaats": [
      {
        "title": "Urus Syedna Noor Mohammed Nooruddin (AQ)",
        "description": "37th Dai, Mandwi, India.",
        "phase": "day",
        "priority": 1,
        "year": null
      },
      {
        "title": "Urus Syedi Hasanji Badshah",
        "description": null,
        "phase": "day",
        "priority": 3,
        "year": null
      }
    ]
  },
  {
    "month": 6,
    "date": 7,
    "miqaats": [
      {
        "title": "Urus Syedna Shaikh Adam Safiyuddin (AQ)",
        "description": "28th Dai, Ahmedabad, India.",
        "phase": "day",
        "priority": 1,
        "year": null
      }
    ]
  },
  {
    "month": 6,
    "date": 8,
    "miqaats": [
      {
        "title": "Urus Syedi Saifuddin Saheb",
        "description": null,
        "phase": "day",
        "priority": 3,
        "year": null
      }
    ]
  },
  {
    "month": 6,
    "date": 12,
    "miqaats": [
      {
        "title": "Urus Syedi Najam Khan bin Syedna Fir Khan Shujahuddin AQ",
        "description": null,
        "phase": "day",
        "priority": 3,
        "year": null
      }
    ]
  },
  {
    "month": 6,
    "date": 13,
    "miqaats": [
      {
        "title": "Milad Amir ul-Mumineen (SA)",
        "description": "Wasi Moulana Ali Ibn Ali Talib (SA)",
        "phase": "day",
        "priority": 1,
        "year": null
      },
      {
        "title": "Ayyam ul-Beez",
        "description": "Rozu",
        "phase": "day",
        "priority": 1,
        "year": null
      }
    ]
  },
  {
    "month": 6,
    "date": 14,
    "miqaats": [
      {
        "title": "Ayyam ul-Beez",
        "description": "Rozu",
        "phase": "day",
        "priority": 1,
        "year": null
      },
      {
        "title": "Urus Syedna Abdul Mutalib Najmuddin (AQ)",
        "description": "14th Dai, Zimarmar, Yemen.",
        "phase": "day",
        "priority": 1,
        "year": null
      },
      {
        "title": "Urus Mawlai Yaqub Saheb",
        "description": null,
        "phase": "day",
        "priority": 3,
        "year": null
      }
    ]
  },
  {
    "month": 6,
    "date": 15,
    "miqaats": [
      {
        "title": "Ayyam ul-Beez",
        "description": "Rozu",
        "phase": "day",
        "priority": 1,
        "year": null
      },
      {
        "title": "Salaat uz-Zawaal",
        "description": null,
        "phase": "day",
        "priority": 1,
        "year": null
      }
    ]
  },
  {
    "month": 6,
    "date": 17,
    "miqaats": [
      {
        "title": "Ayyam al-Barakaat ul-Khuldiyah",
        "description": null,
        "phase": "day",
        "priority": 1,
        "year": null
      }
    ]
  },
  {
    "month": 6,
    "date": 18,
    "miqaats": [
      {
        "title": "Urus Syedna Ali Shamsuddin (AQ)",
        "description": "13th Dai, Zimarmar, Yemen.",
        "phase": "day",
        "priority": 1,
        "year": null
      },
      {
        "title": "Ayyam al-Barakaat ul-Khuldiyah",
        "description": null,
        "phase": "day",
        "priority": 1,
        "year": null
      }
    ]
  },
  {
    "month": 6,
    "date": 19,
    "miqaats": [
      {
        "title": "Urus Syedna Taher Saifuddin (AQ)",
        "description": "51st Dai, Mumbai, India.",
        "phase": "day",
        "priority": 1,
        "year": null
      },
      {
        "title": "Ayyam al-Barakaat ul-Khuldiyah",
        "description": null,
        "phase": "day",
        "priority": 1,
        "year": null
      }
    ]
  },
  {
    "month": 6,
    "date": 24,
    "miqaats": [
      {
        "title": "Urus Syedi Qamruddin Bhaisaheb bin Syedna Haibatullah Al Muaid (AQ)",
        "description": null,
        "phase": "day",
        "priority": 3,
        "year": null
      }
    ]
  },
  {
    "month": 6,
    "date": 26,
    "miqaats": [
      {
        "title": "Shab-e-Meraaj",
        "description": "Washeq",
        "phase": "night",
        "priority": 1,
        "year": null
      },
      {
        "title": "Urus Syedna Abdulqadir Najmuddin (AQ)",
        "description": "47th Dai, Ujjain, India.",
        "phase": "day",
        "priority": 1,
        "year": null
      }
    ]
  },
  {
    "month": 6,
    "date": 27,
    "miqaats": [
      {
        "title": "Yawm-al-Maba'th",
        "description": "Rozu",
        "phase": "day",
        "priority": 1,
        "year": null
      },
      {
        "title": "Urus Syedi Miasaheb Alibhai bin Peeriji",
        "description": null,
        "phase": "day",
        "priority": 3,
        "year": null
      }
    ]
  },
  {
    "month": 6,
    "date": 29,
    "miqaats": [
      {
        "title": "Urus Syedi Luqmaanji bin Syedi Dawood bhai",
        "description": null,
        "phase": "day",
        "priority": 3,
        "year": null
      }
    ]
  },
  {
    "month": 7,
    "date": 1,
    "miqaats": [
      {
        "title": "Urus Syedna Hebatullah Muayyadfiddin (AQ)",
        "description": "40th Dai, Ujjain, India.",
        "phase": "day",
        "priority": 1,
        "year": null
      }
    ]
  },
  {
    "month": 7,
    "date": 14,
    "miqaats": [
      {
        "title": "Shab-e-Baraat",
        "description": "Washeq",
        "phase": "night",
        "priority": 1,
        "year": null
      }
    ]
  },
  {
    "month": 7,
    "date": 15,
    "miqaats": [
      {
        "title": "Urus Syedna Hasan Badruddin (AQ)",
        "description": "20th Dai, Masaar, Yemen.",
        "phase": "day",
        "priority": 1,
        "year": null
      }
    ]
  },
  {
    "month": 7,
    "date": 16,
    "miqaats": [
      {
        "title": "Urus Syedna Ibrahim bin Husain (AQ)",
        "description": "2nd Dai, Ghailbani Hamid, Yemen.",
        "phase": "day",
        "priority": 1,
        "year": null
      }
    ]
  },
  {
    "month": 7,
    "date": 19,
    "miqaats": [
      {
        "title": "Urus Syedi Saleh Bhaisaheb Saifuddin",
        "description": null,
        "phase": "day",
        "priority": 3,
        "year": null
      }
    ]
  },
  {
    "month": 7,
    "date": 22,
    "miqaats": [
      {
        "title": "Urus Moulatena Hurratul Maleka (RA)",
        "description": "Ummul Duat Mutlaqeen, Zijibla, Yemen.",
        "phase": "day",
        "priority": 1,
        "year": null
      },
      {
        "title": "Urus Syedi Shaikhfir bin Dawood Shahid",
        "description": null,
        "phase": "day",
        "priority": 3,
        "year": null
      }
    ]
  },
  {
    "month": 7,
    "date": 25,
    "miqaats": [
      {
        "title": "Urus Syedi Shams Khan bin Syedi Yusufji",
        "description": "Surat, India.",
        "phase": "day",
        "priority": 3,
        "year": null
      }
    ]
  },
  {
    "month": 7,
    "date": 29,
    "miqaats": [
      {
        "title": "Ramadaan al-Moazzan Pehli raat",
        "description": null,
        "phase": "night",
        "priority": 1,
        "year": null
      },
      {
        "title": "Urus Syedna Ali bin Mawla Mohammed al-Walid (AQ)",
        "description": "5th Dai, Haraaz, Yemen.",
        "phase": "day",
        "priority": 1,
        "year": null
      },
      {
        "title": "Urus Syedi Jiwanji bin Shaikh Dawoodbhai",
        "description": null,
        "phase": "day",
        "priority": 3,
        "year": null
      }
    ]
  },
  {
    "month": 8,
    "date": 1,
    "miqaats": [
      {
        "title": "Urus Shaikh Dawood Bhaisaheb",
        "description": null,
        "phase": "day",
        "priority": 3,
        "year": null
      }
    ]
  },
  {
    "month": 8,
    "date": 2,
    "miqaats": [
      {
        "title": "Urus Syedi Wali Bhaisaheb bin Syedi Habibullah",
        "description": null,
        "phase": "day",
        "priority": 3,
        "year": null
      }
    ]
  },
  {
    "month": 8,
    "date": 4,
    "miqaats": [
      {
        "title": "Urus Syedi Tayyib Bhaisaheb Zainuddin (AQ)",
        "description": null,
        "phase": "day",
        "priority": 3,
        "year": null
      }
    ]
  },
  {
    "month": 8,
    "date": 8,
    "miqaats": [
      {
        "title": "Urus Syedi Fazal Bhaisaheb Qutubuddin bin Syedna Abdullah (AQ)",
        "description": null,
        "phase": "day",
        "priority": 3,
        "year": null
      }
    ]
  },
  {
    "month": 8,
    "date": 9,
    "miqaats": [
      {
        "title": "Urus Syedna Abdullah Fakhruddin (AQ)",
        "description": "16th Dai, Zimarmar, Yemen.",
        "phase": "day",
        "priority": 1,
        "year": null
      }
    ]
  },
  {
    "month": 8,
    "date": 16,
    "miqaats": [
      {
        "title": "Lailat al-Fahdil",
        "description": "Washeq",
        "phase": "night",
        "priority": 1,
        "year": null
      },
      {
        "title": "Urus Syedi Hebatullah Jamaluddin",
        "description": null,
        "phase": "day",
        "priority": 3,
        "year": null
      }
    ]
  },
  {
    "month": 8,
    "date": 18,
    "miqaats": [
      {
        "title": "Lailat al-Fahdil",
        "description": "Washeq",
        "phase": "night",
        "priority": 1,
        "year": null
      }
    ]
  },
  {
    "month": 8,
    "date": 19,
    "miqaats": [
      {
        "title": "Shahadat Amir ul-Mumineen (SA)",
        "description": "Wasi Moulana Ali Ibn Ali Talib (SA).",
        "phase": "day",
        "priority": 1,
        "year": null
      },
      {
        "title": "Urus Syedna Mohammed Ezzuddin (AQ)",
        "description": "44th Dai, Surat, India.",
        "phase": "day",
        "priority": 1,
        "year": null
      }
    ]
  },
  {
    "month": 8,
    "date": 20,
    "miqaats": [
      {
        "title": "Lailat al-Fahdil",
        "description": "Washeq",
        "phase": "night",
        "priority": 1,
        "year": null
      }
    ]
  },
  {
    "month": 8,
    "date": 21,
    "miqaats": [
      {
        "title": "Wafaat Amir ul-Mumineen (SA)",
        "description": "Wasi Moulana Ali Ibn Ali Talib (SA).",
        "phase": "day",
        "priority": 1,
        "year": null
      }
    ]
  },
  {
    "month": 8,
    "date": 22,
    "miqaats": [
      {
        "title": "Lailat al-Qadr",
        "description": null,
        "phase": "night",
        "priority": 1,
        "year": null
      }
    ]
  },
  {
    "month": 8,
    "date": 23,
    "miqaats": [
      {
        "title": "Milad Dai az-Zamaan, Syedna Mufaddal Saifuddin (TUS)",
        "description": "53rd Dai al-Mutlaq",
        "phase": "day",
        "priority": 1,
        "year": null
      }
    ]
  },
  {
    "month": 8,
    "date": 29,
    "miqaats": [
      {
        "title": "Lailat al-Thala'theen",
        "description": null,
        "phase": "night",
        "priority": 1,
        "year": null
      }
    ]
  },
  {
    "month": 8,
    "date": 30,
    "miqaats": [
      {
        "title": "Lailat ul-Eid-ul-Fitr",
        "description": "Washeq, Takbira",
        "phase": "night",
        "priority": 1,
        "year": null
      }
    ]
  },
  {
    "month": 9,
    "date": 1,
    "miqaats": [
      {
        "title": "Yawm al-Eid-ul-Fitr",
        "description": "Takbira until Asr",
        "phase": "day",
        "priority": 1,
        "year": null
      }
    ]
  },
  {
    "month": 9,
    "date": 3,
    "miqaats": [
      {
        "title": "Urus Shehzadi Sakina Bhensaheba",
        "description": "Mumbai, India.",
        "phase": "day",
        "priority": 2,
        "year": null
      }
    ]
  },
  {
    "month": 9,
    "date": 4,
    "miqaats": [
      {
        "title": "Urus Syedi Yusufji",
        "description": null,
        "phase": "day",
        "priority": 3,
        "year": null
      },
      {
        "title": "Urus Syedi Taiyebji Shahid",
        "description": null,
        "phase": "day",
        "priority": 3,
        "year": null
      }
    ]
  },
  {
    "month": 9,
    "date": 5,
    "miqaats": [
      {
        "title": "Urus Syedi Abdul Qadir Hakimuddin (AQ)",
        "description": "1st Urus, Burhanpur, India.",
        "phase": "day",
        "priority": 1,
        "year": null
      }
    ]
  },
  {
    "month": 9,
    "date": 6,
    "miqaats": [
      {
        "title": "Urus Syedna Hasan Badruddin (AQ)",
        "description": "17th Dai, Zimarmar, Yemen.",
        "phase": "day",
        "priority": 1,
        "year": null
      }
    ]
  },
  {
    "month": 9,
    "date": 7,
    "miqaats": [
      {
        "title": "Urus Syedna Mohammed bin Taher (AQ)",
        "description": "Yemen.",
        "phase": "day",
        "priority": 1,
        "year": null
      }
    ]
  },
  {
    "month": 9,
    "date": 8,
    "miqaats": [
      {
        "title": "Urus Syedna Abbas bin Syedna Mohammed (AQ)",
        "description": "15th Dai, Hisne Afedat, Yemen.",
        "phase": "day",
        "priority": 1,
        "year": null
      }
    ]
  },
  {
    "month": 9,
    "date": 9,
    "miqaats": [
      {
        "title": "Urus Syedna Qasim Khan Zainuddin (AQ)",
        "description": "31st Dai, Ahmedabad, India.",
        "phase": "day",
        "priority": 1,
        "year": null
      }
    ]
  },
  {
    "month": 9,
    "date": 10,
    "miqaats": [
      {
        "title": "Urus Syedna Ibrahim bin Syedna Husain (AQ)",
        "description": "11th Dai, Hisne Afedat, Yemen.",
        "phase": "day",
        "priority": 1,
        "year": null
      },
      {
        "title": "Urus Syedna Husain Husamuddin (AQ)",
        "description": "21st Dai, Masaar, Yemen.",
        "phase": "day",
        "priority": 1,
        "year": null
      },
      {
        "title": "Urus Syedna Hebatullah Muayyadfiddin Shirazi (AQ)",
        "description": null,
        "phase": "day",
        "priority": 3,
        "year": null
      }
    ]
  },
  {
    "month": 9,
    "date": 13,
    "miqaats": [
      {
        "title": "Urus Syedi Aminji bin Jalal",
        "description": null,
        "phase": "day",
        "priority": 3,
        "year": null
      }
    ]
  },
  {
    "month": 9,
    "date": 24,
    "miqaats": [
      {
        "title": "Urus Shaikh Qutub Bhai bin Sulaimanji",
        "description": null,
        "phase": "day",
        "priority": 3,
        "year": null
      }
    ]
  },
  {
    "month": 9,
    "date": 27,
    "miqaats": [
      {
        "title": "Urus Syedi Abdul Qadir Hakimuddin (AQ)",
        "description": "2nd Urus, Burhanpur, India.",
        "phase": "day",
        "priority": 1,
        "year": null
      },
      {
        "title": "Urus Mia Saheb Abdeali Waliullah",
        "description": null,
        "phase": "day",
        "priority": 3,
        "year": null
      }
    ]
  },
  {
    "month": 9,
    "date": 29,
    "miqaats": [
      {
        "title": "Urus Syedi Bawa Mulla Khan Saheb",
        "description": "Rampura, India.",
        "phase": "day",
        "priority": 3,
        "year": null
      },
      {
        "title": "Urus Syedi Qasim Khan bin Hamza Bhai",
        "description": null,
        "phase": "day",
        "priority": 3,
        "year": null
      },
      {
        "title": "Urus Mulla Salehbhai Ibne Najamkhan",
        "description": null,
        "phase": "day",
        "priority": 3,
        "year": null
      }
    ]
  },
  {
    "month": 10,
    "date": 9,
    "miqaats": [
      {
        "title": "Urus Syedna Fir Khan Shujahuddin (AQ)",
        "description": "33rd Dai, Ahmedabad, India.",
        "phase": "day",
        "priority": 1,
        "year": null
      }
    ]
  },
  {
    "month": 10,
    "date": 11,
    "miqaats": [
      {
        "title": "Urus Syedna Ali bin Mohammed Sulayhi (RA)",
        "description": "Yemen.",
        "phase": "day",
        "priority": 1,
        "year": null
      },
      {
        "title": "Urus Syedi Hasan bin Nuh Bharuji",
        "description": null,
        "phase": "day",
        "priority": 3,
        "year": null
      }
    ]
  },
  {
    "month": 10,
    "date": 12,
    "miqaats": [
      {
        "title": "Urus Syedna Abdul Tayyib Zakiyuddin (AQ)",
        "description": "35th Dai, Jamnagar, India.",
        "phase": "day",
        "priority": 1,
        "year": null
      },
      {
        "title": "Urus Syedna Abdeali Saifuddin (AQ)",
        "description": "43rd Dai, Surat, India.",
        "phase": "day",
        "priority": 1,
        "year": null
      }
    ]
  },
  {
    "month": 10,
    "date": 13,
    "miqaats": [
      {
        "title": "Urus Syedna Ali bin Syedna Husain (AQ)",
        "description": "9th Dai, Sanaa, Yemen.",
        "phase": "day",
        "priority": 1,
        "year": null
      }
    ]
  },
  {
    "month": 10,
    "date": 15,
    "miqaats": [
      {
        "title": "Urus Syedna Tayyib Zainuddin (AQ)",
        "description": "45th Dai, Surat, India.",
        "phase": "day",
        "priority": 1,
        "year": null
      },
      {
        "title": "Urus Bai Saheba Raani Baisaheba (RA)",
        "description": "Binte Syedna Ismail Badruddin (AQ)",
        "phase": "day",
        "priority": 3,
        "year": null
      }
    ]
  },
  {
    "month": 10,
    "date": 19,
    "miqaats": [
      {
        "title": "Urus Syedna Idris Imaduddin (AQ)",
        "description": "19th Dai, Shebaam, Yemen.",
        "phase": "day",
        "priority": 1,
        "year": null
      }
    ]
  },
  {
    "month": 10,
    "date": 21,
    "miqaats": [
      {
        "title": "Urus Syedna Ali Shamsuddin (AQ)",
        "description": "22nd Dai, Masaar, Yemen.",
        "phase": "day",
        "priority": 1,
        "year": null
      }
    ]
  },
  {
    "month": 10,
    "date": 22,
    "miqaats": [
      {
        "title": "Urus Syedi Shaikh Sadiq Ali Saheb",
        "description": null,
        "phase": "day",
        "priority": 3,
        "year": null
      }
    ]
  },
  {
    "month": 10,
    "date": 25,
    "miqaats": [
      {
        "title": "Urus Syedna Ali Shamsuddin bin Syedna Hatim (AQ)",
        "description": "4th Dai, Sanaa, Yemen.",
        "phase": "day",
        "priority": 1,
        "year": null
      }
    ]
  },
  {
    "month": 10,
    "date": 27,
    "miqaats": [
      {
        "title": "Zikra Milad",
        "description": "Milad Syedna Taher Saifuddin (AQ), 51st Dai al-Mutlaq.",
        "phase": "day",
        "priority": 1,
        "year": null
      },
      {
        "title": "Urus Syedi Yusuf Khan bin Syedi Shams Khan",
        "description": null,
        "phase": "day",
        "priority": 3,
        "year": null
      }
    ]
  },
  {
    "month": 11,
    "date": 1,
    "miqaats": [
      {
        "title": "Urus Syedna Mohammed bin Syedna Hatim (AQ)",
        "description": "12th Dai, Yemen.",
        "phase": "day",
        "priority": 1,
        "year": null
      }
    ]
  },
  {
    "month": 11,
    "date": 6,
    "miqaats": [
      {
        "title": "Urus Syedi Khoj bin Malak",
        "description": null,
        "phase": "day",
        "priority": 3,
        "year": null
      }
    ]
  },
  {
    "month": 11,
    "date": 9,
    "miqaats": [
      {
        "title": "Yawm ul-Arafa",
        "description": "Takbira from Fajr",
        "phase": "day",
        "priority": 1,
        "year": null
      },
      {
        "title": "Lailat al-Eid-al-Adha",
        "description": "Washeq",
        "phase": "night",
        "priority": 1,
        "year": null
      }
    ]
  },
  {
    "month": 11,
    "date": 10,
    "miqaats": [
      {
        "title": "Yawm al-Eid-al-Adha",
        "description": "Takbira",
        "phase": "day",
        "priority": 1,
        "year": null
      }
    ]
  },
  {
    "month": 11,
    "date": 11,
    "miqaats": [
      {
        "title": "Takbira",
        "description": null,
        "phase": "day",
        "priority": 1,
        "year": null
      }
    ]
  },
  {
    "month": 11,
    "date": 12,
    "miqaats": [
      {
        "title": "Takbira",
        "description": null,
        "phase": "day",
        "priority": 1,
        "year": null
      }
    ]
  },
  {
    "month": 11,
    "date": 13,
    "miqaats": [
      {
        "title": "Urus Mawlai Feroz bin Ismail",
        "description": null,
        "phase": "day",
        "priority": 3,
        "year": null
      },
      {
        "title": "Takbira",
        "description": "Until Asr",
        "phase": "day",
        "priority": 1,
        "year": null
      }
    ]
  },
  {
    "month": 11,
    "date": 16,
    "miqaats": [
      {
        "title": "Urus Syedna Yusuf Najmuddin bin Sulaiman (AQ)",
        "description": "24th Dai, Taiba, Yemen.",
        "phase": "day",
        "priority": 1,
        "year": null
      },
      {
        "title": "Urus Syedi Ishaq Bhaishaeb Jamaluddin (AQ)",
        "description": null,
        "phase": "day",
        "priority": 3,
        "year": null
      }
    ]
  },
  {
    "month": 11,
    "date": 18,
    "miqaats": [
      {
        "title": "Yawm al-Eid-e-Gadhir-e-Khum",
        "description": "Rozu",
        "phase": "day",
        "priority": 1,
        "year": null
      }
    ]
  },
  {
    "month": 11,
    "date": 27,
    "miqaats": [
      {
        "title": "Urus Syedna Abdul Husain Husamuddin (AQ)",
        "description": "48th Dai, Ahmedabad, India.",
        "phase": "day",
        "priority": 1,
        "year": null
      },
      {
        "title": "Urus Syedna Mohammed Burhanuddin (AQ)",
        "description": "49th Dai, Surat, India.",
        "phase": "day",
        "priority": 1,
        "year": null
      }
    ]
  },
  {
    "month": 11,
    "date": 29,
    "miqaats": [
      {
        "title": "Urus Ghanj Shohada",
        "description": null,
        "phase": "day",
        "priority": 3,
        "year": null
      }
    ]
  }
]
